"","ProductTitle","Price","Category","Ratings","Reviews","Description"
"1","1. MSI MAG B550 TOMAHAWK Gaming Motherboard (AMD AM4, DDR4, PCIe 4.0, SATA 6Gb/s, M.2, USB 3.2 Gen 2, HDMI/DP, ATX, AMD Ryzen 5000 Series processors)","$109.99","Motherboard",4.6,"5,564","MSI MAG B550 TOMAHAWK Gaming Motherboard (AMD AM4, DDR4, PCIe 4.0, SATA 6Gb/s, M.2, USB 3.2 Gen 2, HDMI/DP, ATX, AMD Ryzen 5000 Series processors)"
"2","2. Asus ROG Strix B550-F Gaming WiFi II AMD AM4 (3rd Gen Ryzen) ATX Motherboard (PCIe 4.0,WiFi 6E, 2.5Gb LAN, BIOS Flashback, HDMI 2.1, Addressable Gen 2 RGB Header and Aura Sync)","$159.99","Motherboard",4.6,"10,659","Asus ROG Strix B550-F Gaming WiFi II AMD AM4 (3rd Gen Ryzen) ATX Motherboard (PCIe 4.0,WiFi 6E, 2.5Gb LAN, BIOS Flashback, HDMI 2.1, Addressable Gen 2 RGB Header and Aura Sync)"
"3","3. ASUS TUF Gaming Z790-Plus WiFi LGA 1700(Intel 14th,12th &13th Gen) ATX Gaming Motherboard(PCIe 5.0,DDR5,4xM.2 Slots,16+1 DrMOS,WiFi 6,2.5Gb LAN,Front USB 3.2 Gen 2 Type-C,Thunderbolt 4(USB4),Aura RGB)","$159.99","Motherboard",4.4,"1,099","ASUS TUF Gaming Z790-Plus WiFi LGA 1700(Intel 14th,12th &13th Gen) ATX Gaming Motherboard(PCIe 5.0,DDR5,4xM.2 Slots,16+1 DrMOS,WiFi 6,2.5Gb LAN,Front USB 3.2 Gen 2 Type-C,Thunderbolt 4(USB4),Aura RGB)"
"4","4. MSI MAG X670E Tomahawk WiFi Gaming Motherboard (AMD Ryzen 9000/8000/7000 Series Processors, AM5, DDR5, PCIe 5.0, SATA 6Gb/s, M.2, USB 3.2 Gen 2, Wi-Fi 6E, Bluetooth 5.3, 2.5Gbps LAN, HDMI/DP, ATX)","$189.99","Motherboard",4.2,"333","MSI MAG X670E Tomahawk WiFi Gaming Motherboard (AMD Ryzen 9000/8000/7000 Series Processors, AM5, DDR5, PCIe 5.0, SATA 6Gb/s, M.2, USB 3.2 Gen 2, Wi-Fi 6E, Bluetooth 5.3, 2.5Gbps LAN, HDMI/DP, ATX)"
"5","5. MSI B550 Gaming GEN3 Gaming Motherboard (AMD Ryzen 5000 Series, AM4, DDR4, PCIe 3.0, SATA 6Gb/s, M.2, USB 3.2 Gen 1, HDMI/DVI-Port, ATX)","$194.99","Motherboard",4.5,"807","MSI B550 Gaming GEN3 Gaming Motherboard (AMD Ryzen 5000 Series, AM4, DDR4, PCIe 3.0, SATA 6Gb/s, M.2, USB 3.2 Gen 1, HDMI/DVI-Port, ATX)"
"6","6. GIGABYTE B650 AORUS Elite AX AMD B650 ATX Motherboard with DDR5, PCIe 5.0, WiFi 6E, 5-Year Warranty","$249.99","Motherboard",4.1,"823","GIGABYTE B650 AORUS Elite AX AMD B650 ATX Motherboard with DDR5, PCIe 5.0, WiFi 6E, 5-Year Warranty"
"7","7. MSI B760 Gaming Plus WiFi Gaming Motherboard (Supports 12th/13th/14th Gen Intel Processors, LGA 1700, DDR5, PCIe 4.0, M.2, 2.5Gbps LAN, USB 3.2 Gen2, HDMI/DP, Wi-Fi 6E, Bluetooth 5.3, ATX)","$227.99","Motherboard",4.4,"405","MSI B760 Gaming Plus WiFi Gaming Motherboard (Supports 12th/13th/14th Gen Intel Processors, LGA 1700, DDR5, PCIe 4.0, M.2, 2.5Gbps LAN, USB 3.2 Gen2, HDMI/DP, Wi-Fi 6E, Bluetooth 5.3, ATX)"
"8","8. ASUS Prime B450M-A II AMD AM4 (Ryzen 5000, 3rd/2nd/1st Gen Ryzen Micro ATX Motherboard (128GB DDR4, 4400 O.C.), NVMe, HDMI 2.0b/DVI/D-Sub, USB 3.2 2, BIOS Flashback, and Aura Sync)","$299.99","Motherboard",4.5,"5,906","ASUS Prime B450M-A II AMD AM4 (Ryzen 5000, 3rd/2nd/1st Gen Ryzen Micro ATX Motherboard (128GB DDR4, 4400 O.C.), NVMe, HDMI 2.0b/DVI/D-Sub, USB 3.2 2, BIOS Flashback, and Aura Sync)"
"9","9. ASUS ROG Strix Z790-A Gaming WiFi II (WiFI 7) LGA 1700(Intel 14th & 13th & 12th Gen) ATX gaming motherboard(DDR5,5X M.2 slots,PCIe 5.0 x16,front-panel USB connector with PD 3.0 up to 30W)","$89.99","Motherboard",4.4,"581","ASUS ROG Strix Z790-A Gaming WiFi II (WiFI 7) LGA 1700(Intel 14th & 13th & 12th Gen) ATX gaming motherboard(DDR5,5X M.2 slots,PCIe 5.0 x16,front-panel USB connector with PD 3.0 up to 30W)"
"10","10. GIGABYTE B650 Eagle AX AM5 LGA 1718 AMD B650 ATX, DDR5 Triple M.2, PCIe 5.0, USB 3.2 Gen2x2 Type-C, AMD Wi-Fi 6E, Realtek GbE LAN","$119.99","Motherboard",4.3,"124","GIGABYTE B650 Eagle AX AM5 LGA 1718 AMD B650 ATX, DDR5 Triple M.2, PCIe 5.0, USB 3.2 Gen2x2 Type-C, AMD Wi-Fi 6E, Realtek GbE LAN"
"11","11. GIGABYTE B550 AORUS ELITE AX V2 (AMD Ryzen 5000/B550/ATX/True 12+2 Phases Digital VRM/PCIe4.0/DDR4/USB3.2 Gen 1/Realtek ALC1200/Intel WiFi 6/2xM.2 Thermal Guard/2.5 GbE LAN/HDMI/DP/Gaming Motherboard)","$174.99","Motherboard",4.5,"3,574","GIGABYTE B550 AORUS ELITE AX V2 (AMD Ryzen 5000/B550/ATX/True 12+2 Phases Digital VRM/PCIe4.0/DDR4/USB3.2 Gen 1/Realtek ALC1200/Intel WiFi 6/2xM.2 Thermal Guard/2.5 GbE LAN/HDMI/DP/Gaming Motherboard)"
"12","12. MSI PRO Z790-A MAX WiFi ProSeries Motherboard (Supports 12th/13th/14th Gen Intel Processors, LGA 1700, DDR5, PCIe 5.0, M.2, SATA 6G, 2.5Gbps LAN, USB 3.2 Gen2, Wi-Fi 7, Bluetooth 5.4, ATX)","$219.99","Motherboard",4.4,"192","MSI PRO Z790-A MAX WiFi ProSeries Motherboard (Supports 12th/13th/14th Gen Intel Processors, LGA 1700, DDR5, PCIe 5.0, M.2, SATA 6G, 2.5Gbps LAN, USB 3.2 Gen2, Wi-Fi 7, Bluetooth 5.4, ATX)"
"13","13. MSI X670E GAMING PLUS WIFI Gaming Motherboard (AMD Ryzen 9000/8000/7000 Series Processors, AM5, DDR5, PCIe 5.0, SATA 6Gb/s, M.2 slots, USB 3.2 Gen 2, Wi-Fi 6E, Bluetooth 5.3, 2.5Gbps LAN, HDMI/DP,ATX)","$129.99","Motherboard",4.2,"128","MSI X670E GAMING PLUS WIFI Gaming Motherboard (AMD Ryzen 9000/8000/7000 Series Processors, AM5, DDR5, PCIe 5.0, SATA 6Gb/s, M.2 slots, USB 3.2 Gen 2, Wi-Fi 6E, Bluetooth 5.3, 2.5Gbps LAN, HDMI/DP,ATX)"
"14","14. MSI PRO B650-S WiFi ProSeries Motherboard (AMD Ryzen 9000/8000/7000 Series Processors, AM5, DDR5, PCIe 4.0, M.2 Slots, SATA 6Gb/s, USB 3.2 Gen 2, HDMI/DP, Wi-Fi 6E, Bluetooth 5.3, 2.5Gbps LAN, ATX)","$169.99","Motherboard",4.2,"2,166","MSI PRO B650-S WiFi ProSeries Motherboard (AMD Ryzen 9000/8000/7000 Series Processors, AM5, DDR5, PCIe 4.0, M.2 Slots, SATA 6Gb/s, USB 3.2 Gen 2, HDMI/DP, Wi-Fi 6E, Bluetooth 5.3, 2.5Gbps LAN, ATX)"
"15","15. GIGABYTE Z790 AORUS Elite AX (LGA 1700/ Intel Z790/ ATX/ DDR5/ Quad M.2/ PCIe 5.0/ USB 3.2 Gen2X2 Type-C/Intel WiFi 6E/ 2.5GbE LAN/Q-Flash Plus/PCIe EZ-Latch/Gaming Motherboard)","$89.99","Motherboard",4.3,"978","GIGABYTE Z790 AORUS Elite AX (LGA 1700/ Intel Z790/ ATX/ DDR5/ Quad M.2/ PCIe 5.0/ USB 3.2 Gen2X2 Type-C/Intel WiFi 6E/ 2.5GbE LAN/Q-Flash Plus/PCIe EZ-Latch/Gaming Motherboard)"
"16","16. MSI PRO X870-P WiFi ProSeries Motherboard (AMD Ryzen 9000/8000/7000 Series Processors, AM5, DDR5, PCIe 5.0, M.2 Gen5, SATA 6Gb/s, USB 40Gbps, HDMI/DP, Wi-Fi 7, Bluetooth 5.4, 5Gbps LAN, ATX)","$279.99","Motherboard",4.6,"10","MSI PRO X870-P WiFi ProSeries Motherboard (AMD Ryzen 9000/8000/7000 Series Processors, AM5, DDR5, PCIe 5.0, M.2 Gen5, SATA 6Gb/s, USB 40Gbps, HDMI/DP, Wi-Fi 7, Bluetooth 5.4, 5Gbps LAN, ATX)"
"17","17. MSI PRO Z790-P WiFi ProSeries Motherboard (Supports 12th/13th/14th Gen Intel Processors, LGA 1700, DDR5, PCIe 5.0, M.2, 2.5Gbps LAN, USB 3.2 Gen2, HDMI/DP, Wi-Fi 6E, Bluetooth 5.3, ATX)","$149.99","Motherboard",NA,"423","MSI PRO Z790-P WiFi ProSeries Motherboard (Supports 12th/13th/14th Gen Intel Processors, LGA 1700, DDR5, PCIe 5.0, M.2, 2.5Gbps LAN, USB 3.2 Gen2, HDMI/DP, Wi-Fi 6E, Bluetooth 5.3, ATX)"
"18","18. ASUS ROG Strix Z790-E Gaming WiFi II LGA 1700(Intel 14th & 13th & 12th Gen)ATX gaming motherboard(DDR5,PCIe 5.0,2.5 Gb LAN,5XM.2 slots,PCIe 5.0 x16,WiFi 7 front-panel connector with PD 3.0 up to 30W.","$209.99","Motherboard",NA,"1,580","ASUS ROG Strix Z790-E Gaming WiFi II LGA 1700(Intel 14th & 13th & 12th Gen)ATX gaming motherboard(DDR5,PCIe 5.0,2.5 Gb LAN,5XM.2 slots,PCIe 5.0 x16,WiFi 7 front-panel connector with PD 3.0 up to 30W."
"19","19. MSI PRO B760-P WiFi DDR4 ProSeries Motherboard (Supports 12th/13th/14th Gen Intel Processors, LGA 1700, DDR4, PCIe 4.0, M.2, 2.5Gbps LAN, USB 3.2 Gen2, HDMI/DP, Wi-Fi 6E, Bluetooth 5.3, ATX)","$359.99","Motherboard",4.4,"744","MSI PRO B760-P WiFi DDR4 ProSeries Motherboard (Supports 12th/13th/14th Gen Intel Processors, LGA 1700, DDR4, PCIe 4.0, M.2, 2.5Gbps LAN, USB 3.2 Gen2, HDMI/DP, Wi-Fi 6E, Bluetooth 5.3, ATX)"
"20","20. ASUS ROG Strix B650-A Gaming WiFi 6E AM5 (LGA1718) Ryzen 7000 Motherboard(12+2 Power Stages,DDR5,3xM.2 Slots,PCIe® 4.0, 2.5G LAN,WiFi 6E,USB 3.2 Gen 2x2 Type-C® Port)","$459.99","Motherboard",4.3,"2,024","ASUS ROG Strix B650-A Gaming WiFi 6E AM5 (LGA1718) Ryzen 7000 Motherboard(12+2 Power Stages,DDR5,3xM.2 Slots,PCIe® 4.0, 2.5G LAN,WiFi 6E,USB 3.2 Gen 2x2 Type-C® Port)"
"21","21. MSI B550M PRO-VDH WiFi ProSeries Motherboard (AMD Ryzen 5000, AM4, DDR4, PCIe 4.0, SATA 6Gb/s, M.2, USB 3.2 Gen 1, Wi-Fi, Bluetooth, D-SUB/HDMI/DP, Micro-ATX)","$148.39","Motherboard",4.6,"4,319","MSI B550M PRO-VDH WiFi ProSeries Motherboard (AMD Ryzen 5000, AM4, DDR4, PCIe 4.0, SATA 6Gb/s, M.2, USB 3.2 Gen 1, Wi-Fi, Bluetooth, D-SUB/HDMI/DP, Micro-ATX)"
"22","22. ASRock B760M Pro RS Motherboard DDR5 7200MHz HDMI DisplayPort eDP PCIe Gen5 (Graphics) 14th 13th 12th Gen Intel Core Processors LGA1700 192GB","$159.99","Motherboard",4.2,"105","ASRock B760M Pro RS Motherboard DDR5 7200MHz HDMI DisplayPort eDP PCIe Gen5 (Graphics) 14th 13th 12th Gen Intel Core Processors LGA1700 192GB"
"23","23. MSI B550-A PRO ProSeries Motherboard (AMD Ryzen 5000, AM4, DDR4, PCIe 4.0, SATA 6Gb/s, M.2, USB 3.2 Gen 2, HDMI/DP, ATX)","$209.99","Motherboard",4.4,"3,226","MSI B550-A PRO ProSeries Motherboard (AMD Ryzen 5000, AM4, DDR4, PCIe 4.0, SATA 6Gb/s, M.2, USB 3.2 Gen 2, HDMI/DP, ATX)"
"24","24. ASUS TUF Gaming A520M-PLUS (WiFi) AMD AM4 (3rd Gen Ryzen™) microATX Motherboard (M.2 Support, 802.11ac Wi-Fi, DisplayPort, HDMI, D-Sub, USB 3.2 Gen 1 Type-A and Aura Addressable Gen 2 headers)","$249.99","Motherboard",4.4,"1,091","ASUS TUF Gaming A520M-PLUS (WiFi) AMD AM4 (3rd Gen Ryzen™) microATX Motherboard (M.2 Support, 802.11ac Wi-Fi, DisplayPort, HDMI, D-Sub, USB 3.2 Gen 1 Type-A and Aura Addressable Gen 2 headers)"
"25","25. INLAND Micro Center AMD Ryzen 5 5500 6-Core, 12-Thread Unlocked Desktop Processor Bundle with ASUS Prime B450M-A II AMD AM4 (Ryzen 5000, 3rd/2nd/1st Gen Ryzen) Micro ATX Motherboard","$89.98","Motherboard",4.6,"504","INLAND Micro Center AMD Ryzen 5 5500 6-Core, 12-Thread Unlocked Desktop Processor Bundle with ASUS Prime B450M-A II AMD AM4 (Ryzen 5000, 3rd/2nd/1st Gen Ryzen) Micro ATX Motherboard"
"26","26. GIGABYTE Z790 S WiFi DDR4 LGA 1700 Intel Z790 ATX Motherboard with DDR4, Triple M.2, PCIe 4.0, USB 3.2 Gen2 Type-C, 2.5GbE LAN, PCIe EZ-Latch, Multi-Key","$119.99","Motherboard",4.5,"709","GIGABYTE Z790 S WiFi DDR4 LGA 1700 Intel Z790 ATX Motherboard with DDR4, Triple M.2, PCIe 4.0, USB 3.2 Gen2 Type-C, 2.5GbE LAN, PCIe EZ-Latch, Multi-Key"
"27","27. ASUS TUF Gaming X870-PLUS WiFi AMD AM5 X870 ATX Motherboard, 16+2+1, 80A SPS Power Stages, DDR5, PCIe 5.0 Ready, Four M.2 Slots, Wi-Fi 7, 2.5Gb LAN, HDMI, USB4® 40Gbps, SATA 6 Gbps, USB 20Gbps Type-C","$99.99","Motherboard",4.4,"3","ASUS TUF Gaming X870-PLUS WiFi AMD AM5 X870 ATX Motherboard, 16+2+1, 80A SPS Power Stages, DDR5, PCIe 5.0 Ready, Four M.2 Slots, Wi-Fi 7, 2.5Gb LAN, HDMI, USB4® 40Gbps, SATA 6 Gbps, USB 20Gbps Type-C"
"28","28. NZXT N7 B650E - AMD B650 Chipset - Supports AMD Ryzen 9000 8000 & 7000 Series CPUs (Socket AM5) - ATX Gaming Motherboard - Integrated Rear I/O Shield - DDR5 - Wi-Fi 6E - White","$159.99","Motherboard",4.4,"882","NZXT N7 B650E - AMD B650 Chipset - Supports AMD Ryzen 9000 8000 & 7000 Series CPUs (Socket AM5) - ATX Gaming Motherboard - Integrated Rear I/O Shield - DDR5 - Wi-Fi 6E - White"
"29","29. ASUS Z790-P ATX Motherboard with WiFi 6, PCIe 5.0, DDR5, 14+1 Power Stages, 3X M.2, Thunderbolt 4, 2.5Gb LAN","$104.99","Motherboard",3.3,"1,022","ASUS Z790-P ATX Motherboard with WiFi 6, PCIe 5.0, DDR5, 14+1 Power Stages, 3X M.2, Thunderbolt 4, 2.5Gb LAN"
"30","30. MSI PRO Z790-S WiFi ProSeries Motherboard (Supports 12th/13th/14th Gen Intel Processors, LGA 1700, DDR5, PCIe 5.0, M.2, 2.5Gbps LAN, USB 3.2 Gen2, HDMI/DP, Wi-Fi 6E, Bluetooth 5.3, ATX)","$119.99","Motherboard",4.4,"91","MSI PRO Z790-S WiFi ProSeries Motherboard (Supports 12th/13th/14th Gen Intel Processors, LGA 1700, DDR5, PCIe 5.0, M.2, 2.5Gbps LAN, USB 3.2 Gen2, HDMI/DP, Wi-Fi 6E, Bluetooth 5.3, ATX)"
"31","1. Sceptre New 27-inch Gaming Monitor 100Hz 1ms DisplayPort HDMI x2 100% sRGB AMD FreeSync Build-in Speakers, Eye Care Frameless Machine Black 2024 (E275W-FW100T)","$949.99","Monitor",4.5,"33,694","Sceptre New 27-inch Gaming Monitor 100Hz 1ms DisplayPort HDMI x2 100% sRGB AMD FreeSync Build-in Speakers, Eye Care Frameless Machine Black 2024 (E275W-FW100T)"
"32","2. PHILIPS 22 inch Class Thin Full HD (1920 x 1080) Monitor, 100Hz Refresh Rate, VESA, HDMI x1, VGA x1, LowBlue Mode, Adaptive Sync, 4 Year Advance Replacement Warranty, 221V8LB","$1,599.99","Monitor",4.6,"5,100","PHILIPS 22 inch Class Thin Full HD (1920 x 1080) Monitor, 100Hz Refresh Rate, VESA, HDMI x1, VGA x1, LowBlue Mode, Adaptive Sync, 4 Year Advance Replacement Warranty, 221V8LB"
"33","3. acer SB270 G0bi 27"" IPS Full HD (1920 x 1080) Ultra-Thin Zero-Frame Gaming Office Monitor | Adaptive-Sync Support (FreeSync Compatible) | Up to 120Hz Refresh | 1ms (VRB) | Tilt | HDMI & VGA Ports","$199.99","Monitor",4.5,"866","acer SB270 G0bi 27"" IPS Full HD (1920 x 1080) Ultra-Thin Zero-Frame Gaming Office Monitor | Adaptive-Sync Support (FreeSync Compatible) | Up to 120Hz Refresh | 1ms (VRB) | Tilt | HDMI & VGA Ports"
"34","4. acer KB272 G0bi 27"" IPS Full HD (1920 x 1080) Zero-Frame Gaming Office Monitor | Adaptive-Sync Support (FreeSync Compatible) | Up to 120Hz Refresh | 1ms (VRB) | sRGB 99% | Tilt | HDMI & VGA Ports","$329.99","Monitor",4.6,"1,396","acer KB272 G0bi 27"" IPS Full HD (1920 x 1080) Zero-Frame Gaming Office Monitor | Adaptive-Sync Support (FreeSync Compatible) | Up to 120Hz Refresh | 1ms (VRB) | sRGB 99% | Tilt | HDMI & VGA Ports"
"35","5. Sceptre Curved 24-inch Gaming Monitor 1080p R1500 98% sRGB HDMI x2 VGA Build-in Speakers, VESA Wall Mount Machine Black (C248W-1920RN Series)","$1,499.99","Monitor",4.6,"23,166","Sceptre Curved 24-inch Gaming Monitor 1080p R1500 98% sRGB HDMI x2 VGA Build-in Speakers, VESA Wall Mount Machine Black (C248W-1920RN Series)"
"36","6. SAMSUNG 27"" T35F Series FHD 1080p Computer Monitor, 75Hz, IPS Panel, HDMI, VGA (D-Sub), 3-Sided Border-Less, FreeSync, LF27T350FHNXZA","$2,499.99","Monitor",4.5,"5,320","SAMSUNG 27"" T35F Series FHD 1080p Computer Monitor, 75Hz, IPS Panel, HDMI, VGA (D-Sub), 3-Sided Border-Less, FreeSync, LF27T350FHNXZA"
"37","7. Dell S2425HS Monitor - 23.8 Inch, FHD (1920x1080) Display, 100Hz Refresh Rate 1500:1 Contrast Ratio, TÜV Rheinland Eye Comfort 4 Star, Integrated 2x5W Speaker, Height/Tilt/Swivel/Pivot - Ash White","$89.97","Monitor",4.7,"1,537","Dell S2425HS Monitor - 23.8 Inch, FHD (1920x1080) Display, 100Hz Refresh Rate 1500:1 Contrast Ratio, TÜV Rheinland Eye Comfort 4 Star, Integrated 2x5W Speaker, Height/Tilt/Swivel/Pivot - Ash White"
"38","8. LG UltraGear QHD 34-Inch Curved Gaming Monitor 34GP63A-B, VA with HDR 10 Compatibility and AMD FreeSync Premium, 160Hz, Black","$119.97","Monitor",4.6,"1,420","LG UltraGear QHD 34-Inch Curved Gaming Monitor 34GP63A-B, VA with HDR 10 Compatibility and AMD FreeSync Premium, 160Hz, Black"
"39","9. Sceptre 34-Inch Curved Ultrawide WQHD Monitor 3440 x 1440 R1500 up to 165Hz DisplayPort x2 99% sRGB 1ms Picture by Picture, Machine Black 2023 (C345B-QUT168)","$59.49","Monitor",4.4,"6,793","Sceptre 34-Inch Curved Ultrawide WQHD Monitor 3440 x 1440 R1500 up to 165Hz DisplayPort x2 99% sRGB 1ms Picture by Picture, Machine Black 2023 (C345B-QUT168)"
"40","10. 24 Inch Monitor - FHD 1080p 100Hz (Supports 75hz) Computer Monitor 24 inch with Bluelight Filter HDMI VGA Ports, 100x100 mm VESA (Wall Mountable), Ultra Thin Bezel Designed","$69.99","Monitor",4.6,"203","24 Inch Monitor - FHD 1080p 100Hz (Supports 75hz) Computer Monitor 24 inch with Bluelight Filter HDMI VGA Ports, 100x100 mm VESA (Wall Mountable), Ultra Thin Bezel Designed"
"41","11. SAMSUNG 49"" Odyssey G93SC Series OLED Curved Gaming Monitor, 240Hz, 0.03ms, Dual QHD, DisplayHDR True Black 400, FreeSync Premium Pro, Height Adjustable Stand, 3 Year Warranty, LS49CG932SNXZA, 2023","$89.99","Monitor",4.1,"1,222","SAMSUNG 49"" Odyssey G93SC Series OLED Curved Gaming Monitor, 240Hz, 0.03ms, Dual QHD, DisplayHDR True Black 400, FreeSync Premium Pro, Height Adjustable Stand, 3 Year Warranty, LS49CG932SNXZA, 2023"
"42","12. MSI PRO MP251 24.5-inch IPS 1920 x 1080 (FHD) Computer Monitor, 100Hz, Adaptive-Synch, HDMI, VGA Port, VESA Mountable, Tilt, Speaker, 1ms, Black","$149.99","Monitor",4.6,"364","MSI PRO MP251 24.5-inch IPS 1920 x 1080 (FHD) Computer Monitor, 100Hz, Adaptive-Synch, HDMI, VGA Port, VESA Mountable, Tilt, Speaker, 1ms, Black"
"43","13. SAMSUNG 27"" Essential S3 (S36GD) Series FHD 1800R Curved Computer Monitor, 100Hz, Game Mode, Advanced Eye Comfort, HDMI and D-sub Ports, LS27D366GANXZA, 2024","$89.99","Monitor",4.1,"81","SAMSUNG 27"" Essential S3 (S36GD) Series FHD 1800R Curved Computer Monitor, 100Hz, Game Mode, Advanced Eye Comfort, HDMI and D-sub Ports, LS27D366GANXZA, 2024"
"44","14. acer Nitro 24.5"" Full HD 1920 x 1080 Gaming Monitor | AMD FreeSync | 180Hz Refresh | 1ms (VRB) | 99% sRGB | HDR 10 Support | 1 x Display Port 1.2 & 2 x HDMI 2.0 | KG251Q P3biip","$149.99","Monitor",4.5,"2,670","acer Nitro 24.5"" Full HD 1920 x 1080 Gaming Monitor | AMD FreeSync | 180Hz Refresh | 1ms (VRB) | 99% sRGB | HDR 10 Support | 1 x Display Port 1.2 & 2 x HDMI 2.0 | KG251Q P3biip"
"45","15. SAMSUNG 27-Inch Odyssey G3 (G30D) Series FHD Gaming Monitor, 1ms, 180Hz, AMD FreeSync, Adjustable Stand, Black Equalizer, Virtual Aim Point, Eye Saver Mode, Flicker-Free, LS27DG302ENXZA, 2024","$74.97","Monitor",4.6,"3,458","SAMSUNG 27-Inch Odyssey G3 (G30D) Series FHD Gaming Monitor, 1ms, 180Hz, AMD FreeSync, Adjustable Stand, Black Equalizer, Virtual Aim Point, Eye Saver Mode, Flicker-Free, LS27DG302ENXZA, 2024"
"46","16. Sceptre 20"" 1600x900 75Hz Ultra Thin LED Monitor 2x HDMI VGA Built-in Speakers, Machine Black Wide Viewing Angle 170° (Horizontal) / 160° (Vertical)","$99.97","Monitor",4.5,"24,734","Sceptre 20"" 1600x900 75Hz Ultra Thin LED Monitor 2x HDMI VGA Built-in Speakers, Machine Black Wide Viewing Angle 170° (Horizontal) / 160° (Vertical)"
"47","17. AOC 24G15N 24"" Gaming Monitor, Full HD 1920x1080, 180Hz 1ms, 1x HDMI 2.0, 1x Display Port, Adaptive-Sync, 3-Sided Frameless, HDR Ready, Console Gaming Ready, 3-Year Zero-Bright-Dot","$949.99","Monitor",4.6,"17,899","AOC 24G15N 24"" Gaming Monitor, Full HD 1920x1080, 180Hz 1ms, 1x HDMI 2.0, 1x Display Port, Adaptive-Sync, 3-Sided Frameless, HDR Ready, Console Gaming Ready, 3-Year Zero-Bright-Dot"
"48","18. LG 27US500-W Ultrafine Monitor 27-Inch 4K UHD (3840x2160) HDR10 IPS Borderless Design Reader Mode Flicker Safe Switch App HDMI DisplayPort - White","$1,599.99","Monitor",4.5,"3,506","LG 27US500-W Ultrafine Monitor 27-Inch 4K UHD (3840x2160) HDR10 IPS Borderless Design Reader Mode Flicker Safe Switch App HDMI DisplayPort - White"
"49","19. acer SB240Y G0bi 23.8"" IPS Full HD Ultra-Slim Edge-to-Edge Gaming Office Monitor | Adaptive-Sync Support (FreeSync Compatible) | Up to 120Hz Refresh | 1ms (VRB) | Tilt | HDMI & VGA Ports | Black","$199.99","Monitor",4.4,"737","acer SB240Y G0bi 23.8"" IPS Full HD Ultra-Slim Edge-to-Edge Gaming Office Monitor | Adaptive-Sync Support (FreeSync Compatible) | Up to 120Hz Refresh | 1ms (VRB) | Tilt | HDMI & VGA Ports | Black"
"50","20. LG 27GS60QC-B Ultragear Curved Gaming Monitor 27-Inch QHD (2560x1440) 180Hz 1ms 1000R AMD FreeSync HDR10 HDMIx2 DisplayPort Borderless Design Black Stabilizer DAS Crosshair FPS Counter - Black","$329.99","Monitor",4.6,"12,062","LG 27GS60QC-B Ultragear Curved Gaming Monitor 27-Inch QHD (2560x1440) 180Hz 1ms 1000R AMD FreeSync HDR10 HDMIx2 DisplayPort Borderless Design Black Stabilizer DAS Crosshair FPS Counter - Black"
"51","21. SAMSUNG 32-Inch Odyssey G55C Series QHD 1000R Curved Gaming Monitor, 1ms(MPRT), HDR10, 165Hz, AMD Radeon FreeSync, Eye Care, LS32CG550ENXZA, 2024","$1,499.99","Monitor",4.3,"2,389","SAMSUNG 32-Inch Odyssey G55C Series QHD 1000R Curved Gaming Monitor, 1ms(MPRT), HDR10, 165Hz, AMD Radeon FreeSync, Eye Care, LS32CG550ENXZA, 2024"
"52","22. Dell SE2422HX Monitor - 24 inch FHD (1920 x 1080) 16:9 Ratio with Comfortview (TUV-Certified), 75Hz Refresh Rate, 16.7 Million Colors, Anti-Glare Screen with 3H Hardness, AMD FreeSync- Black","$2,499.99","Monitor",4.6,"4,121","Dell SE2422HX Monitor - 24 inch FHD (1920 x 1080) 16:9 Ratio with Comfortview (TUV-Certified), 75Hz Refresh Rate, 16.7 Million Colors, Anti-Glare Screen with 3H Hardness, AMD FreeSync- Black"
"53","23. LG 45GR65DC-B Ultragear Curved Gaming Monitor 45-Inch 32:9 QHD 200Hz 1ms UltraWide Display AMD FreeSync Premium Pro VESA DisplayHDR 600 HDMI 2.1 x2 DP UBS x3 Tilt/Height/Swivel Stand - Black","$92.99","Monitor",4.3,"354","LG 45GR65DC-B Ultragear Curved Gaming Monitor 45-Inch 32:9 QHD 200Hz 1ms UltraWide Display AMD FreeSync Premium Pro VESA DisplayHDR 600 HDMI 2.1 x2 DP UBS x3 Tilt/Height/Swivel Stand - Black"
"54","24. acer Nitro 34"" UWQHD 3440 x 1440 1000R Curved PC Gaming Monitor | AMD FreeSync Premium | Up to 180Hz Refresh | Up to 0.5ms | AdobeRGB 90%| Delta E<2 | 1 x DP 1.2 & 2 x HDMI 2.0| EDA343CUR V3bmiippx","$109.99","Monitor",4.4,"375","acer Nitro 34"" UWQHD 3440 x 1440 1000R Curved PC Gaming Monitor | AMD FreeSync Premium | Up to 180Hz Refresh | Up to 0.5ms | AdobeRGB 90%| Delta E<2 | 1 x DP 1.2 & 2 x HDMI 2.0| EDA343CUR V3bmiippx"
"55","25. LG 45GS95QE Ultragear OLED Curved Gaming Monitor 45-Inch WQHD 800R 240Hz 0.03ms DisplayHDR True Black 400 AMD FreeSync Premium Pro NVIDIA G-Sync HDMI 2.1 DisplayPort Tilt/Height/Swivel Stand - Black","$176.99","Monitor",4.3,"415","LG 45GS95QE Ultragear OLED Curved Gaming Monitor 45-Inch WQHD 800R 240Hz 0.03ms DisplayHDR True Black 400 AMD FreeSync Premium Pro NVIDIA G-Sync HDMI 2.1 DisplayPort Tilt/Height/Swivel Stand - Black"
"56","26. LG UltraFine UHD 27-Inch 4K UHD 2160p Computer Monitor 27UN850-W, IPS with VESA DisplayHDR 400, AMD FreeSync, and USB-C, White,Silver","$249.99","Monitor",4.5,"2,293","LG UltraFine UHD 27-Inch 4K UHD 2160p Computer Monitor 27UN850-W, IPS with VESA DisplayHDR 400, AMD FreeSync, and USB-C, White,Silver"
"57","27. MSI MPG 271QRX QD-OLED, 27 OLED Gaming Monitor, 2560 x 1440 (QHD), OLED 0.03ms Response time, 360Hz, True Black HDR 400, HDMI, DP Port, USB Type C, Tilt, Height","$74.99","Monitor",4.5,"51","MSI MPG 271QRX QD-OLED, 27 OLED Gaming Monitor, 2560 x 1440 (QHD), OLED 0.03ms Response time, 360Hz, True Black HDR 400, HDMI, DP Port, USB Type C, Tilt, Height"
"58","28. Sceptre 30-inch Curved Gaming Monitor 21:9 2560x1080 Ultra Wide/ Slim HDMI DisplayPort up to 200Hz Build-in Speakers, Metal Black (C305B-200UN1)","$129.99","Monitor",4.5,"11,999","Sceptre 30-inch Curved Gaming Monitor 21:9 2560x1080 Ultra Wide/ Slim HDMI DisplayPort up to 200Hz Build-in Speakers, Metal Black (C305B-200UN1)"
"59","29. ASUS TUF Gaming 32"" 1440P HDR Curved Monitor (VG32VQ1B) - QHD (2560 x 1440), 165Hz (Supports 144Hz), 1ms, Extreme Low Motion Blur, Speaker, FreeSync Premium, VESA Mountable, DisplayPort, HDMI,BLACK","$156.99","Monitor",4.5,"8,324","ASUS TUF Gaming 32"" 1440P HDR Curved Monitor (VG32VQ1B) - QHD (2560 x 1440), 165Hz (Supports 144Hz), 1ms, Extreme Low Motion Blur, Speaker, FreeSync Premium, VESA Mountable, DisplayPort, HDMI,BLACK"
"60","30. Sceptre 20 inch LED Monitor 1600 x 900 HD+ 75Hz HDMI VGA Build-in Speakers, 99% sRGB Wall Mount Ready Black 2021 (E205W-16003RTT)","$249.99","Monitor",4.2,"513","Sceptre 20 inch LED Monitor 1600 x 900 HD+ 75Hz HDMI VGA Build-in Speakers, 99% sRGB Wall Mount Ready Black 2021 (E205W-16003RTT)"
"61","1. Logitech M185 Wireless Mouse, 2.4GHz with USB Mini Receiver, 12-Month Battery Life, 1000 DPI Optical Tracking, Ambidextrous PC/Mac/Laptop - Swift Grey","$59.99","Mouse",4.5,"34,258","Logitech M185 Wireless Mouse, 2.4GHz with USB Mini Receiver, 12-Month Battery Life, 1000 DPI Optical Tracking, Ambidextrous PC/Mac/Laptop - Swift Grey"
"62","2. Logitech G305 LIGHTSPEED Wireless Gaming Mouse, Hero 12K Sensor, 12,000 DPI, Lightweight, 6 Programmable Buttons, 250h Battery Life, On-Board Memory, PC/Mac - White","$79.99","Mouse",4.6,"31,472","Logitech G305 LIGHTSPEED Wireless Gaming Mouse, Hero 12K Sensor, 12,000 DPI, Lightweight, 6 Programmable Buttons, 250h Battery Life, On-Board Memory, PC/Mac - White"
"63","3. TECKNET Wireless Mouse, 2.4G Ergonomic Optical Mouse, Computer Mouse for Laptop, PC, Computer, Chromebook, Notebook, 6 Buttons, 24 Months Battery Life, 2600 DPI, 5 Adjustment Levels","$89.99","Mouse",4.5,"65,590","TECKNET Wireless Mouse, 2.4G Ergonomic Optical Mouse, Computer Mouse for Laptop, PC, Computer, Chromebook, Notebook, 6 Buttons, 24 Months Battery Life, 2600 DPI, 5 Adjustment Levels"
"64","4. Razer DeathAdder Essential Gaming Mouse: 6400 DPI Optical Sensor - 5 Programmable Buttons - Mechanical Switches - Rubber Side Grips - Classic Black","$139.99","Mouse",4.4,"12,111","Razer DeathAdder Essential Gaming Mouse: 6400 DPI Optical Sensor - 5 Programmable Buttons - Mechanical Switches - Rubber Side Grips - Classic Black"
"65","5. Logitech M510 Wireless Computer Mouse for PC with USB Unifying Receiver - Graphite","$66.99","Mouse",4.6,"31,116","Logitech M510 Wireless Computer Mouse for PC with USB Unifying Receiver - Graphite"
"66","6. Amazon Basics Responsive and Precise 3-Button Wired USB Computer Mouse with Scrolling and Tracking, Single, Black","$13.97","Mouse",4.6,"84,638","Amazon Basics Responsive and Precise 3-Button Wired USB Computer Mouse with Scrolling and Tracking, Single, Black"
"67","7. HP Wireless Mouse - Black, 15-Month Battery, 1600 DPI Sensor, Side Grips - for PC/Laptop, Mac, Chromebook","$14.99","Mouse",4.6,"28,120","HP Wireless Mouse - Black, 15-Month Battery, 1600 DPI Sensor, Side Grips - for PC/Laptop, Mac, Chromebook"
"68","8. Amazon Basics Computer Mouse Wireless, Ergonomic, 2.4 GHz Optical, DPI Adjustable, Compatible With PC, Mac, Laptop, Black","$29.99","Mouse",4.3,"24,951","Amazon Basics Computer Mouse Wireless, Ergonomic, 2.4 GHz Optical, DPI Adjustable, Compatible With PC, Mac, Laptop, Black"
"69","9. VssoPlor Wireless Mouse, 2.4G Slim Portable Computer Mice with Nano Receiver for Notebook, PC, Laptop, Computer (Black and Gold)","$49.99","Mouse",4.6,"22,539","VssoPlor Wireless Mouse, 2.4G Slim Portable Computer Mice with Nano Receiver for Notebook, PC, Laptop, Computer (Black and Gold)"
"70","10. Redragon M810 Pro Wireless Gaming Mouse, 10000 DPI Wired/Wireless Gamer Mouse w/Rapid Fire Key, 8 Macro Buttons, 45-Hour Reliable Power Capacity and RGB Backlit for PC/Mac/Laptop","$8.49","Mouse",4.5,"2,025","Redragon M810 Pro Wireless Gaming Mouse, 10000 DPI Wired/Wireless Gamer Mouse w/Rapid Fire Key, 8 Macro Buttons, 45-Hour Reliable Power Capacity and RGB Backlit for PC/Mac/Laptop"
"71","11. Logitech B100 Corded Mouse, Wired USB Mouse for Computers and Laptops, Right or Left Hand Use - Black","$19.99","Mouse",4.6,"39,398","Logitech B100 Corded Mouse, Wired USB Mouse for Computers and Laptops, Right or Left Hand Use - Black"
"72","12. Razer Basilisk V3 Customizable Ergonomic Gaming Mouse: Fastest Gaming Mouse Switch - Chroma RGB Lighting - 26K DPI Optical Sensor - 11 Programmable Buttons - HyperScroll Tilt Wheel - Classic Black","$20.98","Mouse",4.6,"7,188","Razer Basilisk V3 Customizable Ergonomic Gaming Mouse: Fastest Gaming Mouse Switch - Chroma RGB Lighting - 26K DPI Optical Sensor - 11 Programmable Buttons - HyperScroll Tilt Wheel - Classic Black"
"73","13. Logitech M317 Wireless Mouse, 2.4 GHz with USB Receiver, 1000 DPI Optical Tracking, 12 Month Battery, Compatible with PC, Mac, Laptop, Chromebook - Red","$29.99","Mouse",4.6,"8,638","Logitech M317 Wireless Mouse, 2.4 GHz with USB Receiver, 1000 DPI Optical Tracking, 12 Month Battery, Compatible with PC, Mac, Laptop, Chromebook - Red"
"74","14. Logitech M720 Triathlon Multi-Device Wireless Mouse, Bluetooth, USB Unifying Receiver, 1000 DPI, 8 Buttons, 2-Year Battery, Compatible with Laptop, PC, Mac, iPadOS - Black","$19.99","Mouse",4.5,"22,628","Logitech M720 Triathlon Multi-Device Wireless Mouse, Bluetooth, USB Unifying Receiver, 1000 DPI, 8 Buttons, 2-Year Battery, Compatible with Laptop, PC, Mac, iPadOS - Black"
"75","15. Wireless Bluetooth Mouse Rechargeable LED Silent Slim Laptop Mouse Portable(Bluetooth5.2 and 2.4GHz USB Receiver) Dual Mode Computer Mouse for Laptop/iPad Tablet/Apple Computer/MacBook (Black)","$27.99","Mouse",4.2,"5,422","Wireless Bluetooth Mouse Rechargeable LED Silent Slim Laptop Mouse Portable(Bluetooth5.2 and 2.4GHz USB Receiver) Dual Mode Computer Mouse for Laptop/iPad Tablet/Apple Computer/MacBook (Black)"
"76","16. Logitech G203 Wired Gaming Mouse, 8,000 DPI, Rainbow Optical Effect LIGHTSYNC RGB, 6 Programmable Buttons, On-Board Memory, Screen Mapping, PC/Mac Computer and Laptop Compatible - Black","$7.19","Mouse",4.6,"17,277","Logitech G203 Wired Gaming Mouse, 8,000 DPI, Rainbow Optical Effect LIGHTSYNC RGB, 6 Programmable Buttons, On-Board Memory, Screen Mapping, PC/Mac Computer and Laptop Compatible - Black"
"77","17. Logitech Signature M550 L Full Size Wireless Mouse - for Large Sized Hands, 2-Year Battery, Silent Clicks, Bluetooth, Multi-Device Compatibility - Black","$59.99","Mouse",4.5,"1,220","Logitech Signature M550 L Full Size Wireless Mouse - for Large Sized Hands, 2-Year Battery, Silent Clicks, Bluetooth, Multi-Device Compatibility - Black"
"78","18. Uiosmuph LED Wireless Mouse, G12 Slim Rechargeable Silent Mouse, 2.4G Portable USB Optical Computer Mice with USB Receiver and Type C Adapter (Matte Black)","$79.99","Mouse",4.3,"70,966","Uiosmuph LED Wireless Mouse, G12 Slim Rechargeable Silent Mouse, 2.4G Portable USB Optical Computer Mice with USB Receiver and Type C Adapter (Matte Black)"
"79","19. Logitech G502 HERO High Performance Wired Gaming Mouse, HERO 25K Sensor, 25,600 DPI, RGB, Adjustable Weights, 11 Programmable Buttons, On-Board Memory, PC / Mac","$89.99","Mouse",4.6,"53,270","Logitech G502 HERO High Performance Wired Gaming Mouse, HERO 25K Sensor, 25,600 DPI, RGB, Adjustable Weights, 11 Programmable Buttons, On-Board Memory, PC / Mac"
"80","20. TECKNET Computer Wired Mouse, USB Mouse Wired for Laptop with 6-Button, 3600DPI Optical PC Wired Mouse, Home and Office 5FT USB-A Corded Comfortable Mouse, Plug & Play, NO Battery Required-Grey","$139.99","Mouse",4.4,"4,474","TECKNET Computer Wired Mouse, USB Mouse Wired for Laptop with 6-Button, 3600DPI Optical PC Wired Mouse, Home and Office 5FT USB-A Corded Comfortable Mouse, Plug & Play, NO Battery Required-Grey"
"81","21. Logitech MX Master 3S for Mac - Wireless Bluetooth Mouse with Ultra-Fast Scrolling, Ergo, 8K DPI, Quiet Clicks, Track on Glass, Customization, USB-C, Apple, iPad - Space Grey","$66.99","Mouse",4.6,"5,950","Logitech MX Master 3S for Mac - Wireless Bluetooth Mouse with Ultra-Fast Scrolling, Ergo, 8K DPI, Quiet Clicks, Track on Glass, Customization, USB-C, Apple, iPad - Space Grey"
"82","22. Redragon M612 Predator RGB Gaming Mouse, 8000 DPI Wired Optical Gamer Mouse with 11 Programmable Buttons & 5 Backlit Modes, Software Supports DIY Keybinds Rapid Fire Button","$19.99","Mouse",4.6,"5,166","Redragon M612 Predator RGB Gaming Mouse, 8000 DPI Wired Optical Gamer Mouse with 11 Programmable Buttons & 5 Backlit Modes, Software Supports DIY Keybinds Rapid Fire Button"
"83","23. Logitech M170 Wireless Mouse for PC, Mac, Laptop, 2.4 GHz with USB Mini Receiver, Optical Tracking, 12-Months Battery Life, Ambidextrous - Rose","$29.99","Mouse",4.5,"55,852","Logitech M170 Wireless Mouse for PC, Mac, Laptop, 2.4 GHz with USB Mini Receiver, Optical Tracking, 12-Months Battery Life, Ambidextrous - Rose"
"84","24. TECKNET Wireless Mouse for Laptop, 2.4G Quiet Computer Mouse with USB Receiver, 4 Buttons Portable Cordless Mice for Chromebook, Laptop, PC, Mac, 800/1200/1600 DPI - Mint Green","$7.94","Mouse",4.5,"9,187","TECKNET Wireless Mouse for Laptop, 2.4G Quiet Computer Mouse with USB Receiver, 4 Buttons Portable Cordless Mice for Chromebook, Laptop, PC, Mac, 800/1200/1600 DPI - Mint Green"
"85","25. TECKNET Wireless Mouse, 2.4G USB Computer Mouse with 6-Level Adjustable 4800 DPI, 30 Months Battery, Ergonomic Grips, 6 Buttons Portable for PC, Chromebook, Mac - Grey","$9.99","Mouse",4.4,"52,062","TECKNET Wireless Mouse, 2.4G USB Computer Mouse with 6-Level Adjustable 4800 DPI, 30 Months Battery, Ergonomic Grips, 6 Buttons Portable for PC, Chromebook, Mac - Grey"
"86","26. TECKNET Bluetooth Mouse, 4000DPI Wireless Mouse Bluetooth for Laptop 2-in-1(BT 5.0/3.0+2.4Ghz) Computer Mouse, Portable PC Mouse Wireless with USB Receiver for Mac, Compatible with MacBook Chromebook","$34.99","Mouse",4.4,"8,372","TECKNET Bluetooth Mouse, 4000DPI Wireless Mouse Bluetooth for Laptop 2-in-1(BT 5.0/3.0+2.4Ghz) Computer Mouse, Portable PC Mouse Wireless with USB Receiver for Mac, Compatible with MacBook Chromebook"
"87","27. Rii Wireless Mouse, 2.4G Portable Computer Mice for PC, Laptop, Windows,Office Included Wireless USB dongle (Black)","$79.99","Mouse",4.3,"12,358","Rii Wireless Mouse, 2.4G Portable Computer Mice for PC, Laptop, Windows,Office Included Wireless USB dongle (Black)"
"88","28. Mouse - Season 1","$7.98","Mouse",4.4,"12","Mouse - Season 1"
"89","29. 2021","$11.99","Mouse",4.7,"3,192","2021"
"90","30. HP Wired Mouse 100 - Precise Optical Sensor with 1600 DPI - Easy USB Connection - Ambidextrous Design - 3 Button Control & Built-in Scrolling - Multi-OS Compatible (6VY96AA#ABL)","$84.99","Mouse",4.8,"3,236","HP Wired Mouse 100 - Precise Optical Sensor with 1600 DPI - Easy USB Connection - Ambidextrous Design - 3 Button Control & Built-in Scrolling - Multi-OS Compatible (6VY96AA#ABL)"
"91","1. Logitech MK270 Wireless Keyboard And Mouse Combo For Windows, 2.4 GHz Wireless, Compact Mouse, 8 Multimedia And Shortcut Keys, For PC, Laptop - Black","$25.18","Keyboard",4.5,"97,326","Logitech MK270 Wireless Keyboard And Mouse Combo For Windows, 2.4 GHz Wireless, Compact Mouse, 8 Multimedia And Shortcut Keys, For PC, Laptop - Black"
"92","2. Amazon Basics Wired Keyboard, Full-Sized, QWERTY Layout, Black","$39.99","Keyboard",4.5,"7,343","Amazon Basics Wired Keyboard, Full-Sized, QWERTY Layout, Black"
"93","3. Logitech G213 Prodigy Gaming Keyboard, LIGHTSYNC RGB Backlit Keys, Spill-Resistant, Customizable Keys, Dedicated Multi-Media Keys – Black","$18.99","Keyboard",4.5,"6,166","Logitech G213 Prodigy Gaming Keyboard, LIGHTSYNC RGB Backlit Keys, Spill-Resistant, Customizable Keys, Dedicated Multi-Media Keys – Black"
"94","4. Logitech MX Keys S Wireless Keyboard, Low Profile, Fluid Precise Quiet Typing, Programmable Keys, Backlighting, Bluetooth, USB C Rechargeable, for Windows PC, Linux, Chrome, Mac - Graphite","$39.98","Keyboard",4.6,"20,474","Logitech MX Keys S Wireless Keyboard, Low Profile, Fluid Precise Quiet Typing, Programmable Keys, Backlighting, Bluetooth, USB C Rechargeable, for Windows PC, Linux, Chrome, Mac - Graphite"
"95","5. Redragon S101 Gaming Keyboard, M601 Mouse, RGB Backlit Gaming Keyboard, Programmable Backlit Gaming Mouse, Value Combo Set [New Version]","$19.99","Keyboard",4.6,"46,048","Redragon S101 Gaming Keyboard, M601 Mouse, RGB Backlit Gaming Keyboard, Programmable Backlit Gaming Mouse, Value Combo Set [New Version]"
"96","6. Logitech K120 Wired Keyboard for Windows, Plug and Play, Full-Size, Spill-Resistant, Curved Space Bar, Compatible with PC, Laptop - Black","$27.99","Keyboard",4.6,"7,730","Logitech K120 Wired Keyboard for Windows, Plug and Play, Full-Size, Spill-Resistant, Curved Space Bar, Compatible with PC, Laptop - Black"
"97","7. SteelSeries Apex Pro TKL HyperMagnetic Gaming Keyboard - Adjustable Actuation - Esports Tenkeyless - OLED Screen - RGB - PBT Keycaps - USB-C - 2023 Edition,Black","$11.29","Keyboard",4.5,"6,155","SteelSeries Apex Pro TKL HyperMagnetic Gaming Keyboard - Adjustable Actuation - Esports Tenkeyless - OLED Screen - RGB - PBT Keycaps - USB-C - 2023 Edition,Black"
"98","8. Womier S-K80 75% Keyboard with Color Multimedia Display Mechanical Gaming Keyboard, Wired Hot Swappable Keyboard, Gasket Mount RGB Custom Keyboard, Pre-lubed Stabilizer for Mac/Win, Black Kanagawa","$13.30","Keyboard",4.6,"557","Womier S-K80 75% Keyboard with Color Multimedia Display Mechanical Gaming Keyboard, Wired Hot Swappable Keyboard, Gasket Mount RGB Custom Keyboard, Pre-lubed Stabilizer for Mac/Win, Black Kanagawa"
"99","9. 65% Gaming Keyboard, Wired Backlit Mini Keyboard, Ultra-Compact Anti-Ghosting No-Conflict 68 Keys Membrane Gaming Wired Keyboard for PC Laptop Mac Gamer","$39.99","Keyboard",4.2,"280","65% Gaming Keyboard, Wired Backlit Mini Keyboard, Ultra-Compact Anti-Ghosting No-Conflict 68 Keys Membrane Gaming Wired Keyboard for PC Laptop Mac Gamer"
"100","10. Logitech K270 Wireless Keyboard for Windows, 2.4 GHz Wireless, Full-Size, Number Pad, 8 Multimedia Keys, 2-Year Battery Life, Compatible with PC, Laptop, Black","$69.99","Keyboard",4.4,"8,019","Logitech K270 Wireless Keyboard for Windows, 2.4 GHz Wireless, Full-Size, Number Pad, 8 Multimedia Keys, 2-Year Battery Life, Compatible with PC, Laptop, Black"
"101","11. Logitech MK270 Wireless Keyboard and Mouse Combo for Windows, 2.4 GHz Wireless, Compact Mouse, 8 Multimedia and Shortcut Keys, 2-Year Battery Life, for PC, Laptop - Rose","$109.99","Keyboard",4.2,"174","Logitech MK270 Wireless Keyboard and Mouse Combo for Windows, 2.4 GHz Wireless, Compact Mouse, 8 Multimedia and Shortcut Keys, 2-Year Battery Life, for PC, Laptop - Rose"
"102","12. Logitech MK345 Wireless Combo Full-Sized Keyboard with Palm Rest and Comfortable Right-Handed Mouse, 2.4 GHz Wireless USB Receiver, Compatible with PC, Laptop,Black","$31.99","Keyboard",4.5,"39,313","Logitech MK345 Wireless Combo Full-Sized Keyboard with Palm Rest and Comfortable Right-Handed Mouse, 2.4 GHz Wireless USB Receiver, Compatible with PC, Laptop,Black"
"103","13. AULA F75 Pro Wireless Mechanical Keyboard,75% Gasket Hot Swappable Custom Keyboard,RGB Backlit,Pre-lubed Reaper Switches,Side Printed PBT Keycaps,2.4GHz/USB-C/BT5.0 Mechanical Gaming Keyboard","$56.26","Keyboard",4.6,"218","AULA F75 Pro Wireless Mechanical Keyboard,75% Gasket Hot Swappable Custom Keyboard,RGB Backlit,Pre-lubed Reaper Switches,Side Printed PBT Keycaps,2.4GHz/USB-C/BT5.0 Mechanical Gaming Keyboard"
"104","14. Logitech MK120 Wired Keyboard and Mouse Combo for Windows, Optical Wired Mouse, Full-Size Keyboard, USB Plug-and-Play, Compatible with PC, Laptop - Black","$12.99","Keyboard",4.5,"21,362","Logitech MK120 Wired Keyboard and Mouse Combo for Windows, Optical Wired Mouse, Full-Size Keyboard, USB Plug-and-Play, Compatible with PC, Laptop - Black"
"105","15. Gaming Keyboard and Mouse Combo, K1 RGB LED Backlit Keyboard with 104 Key for PC/Laptop(White)","$55.99","Keyboard",4.4,"14,380","Gaming Keyboard and Mouse Combo, K1 RGB LED Backlit Keyboard with 104 Key for PC/Laptop(White)"
"106","16. Razer Ornata V3 X Gaming Keyboard: Low Profile Keys - Silent Membrane Switches - Spill Resistant - Chroma RGB Lighting - Ergonomic Wrist Rest - Snap Tap","$69.99","Keyboard",4.4,"2,085","Razer Ornata V3 X Gaming Keyboard: Low Profile Keys - Silent Membrane Switches - Spill Resistant - Chroma RGB Lighting - Ergonomic Wrist Rest - Snap Tap"
"107","17. Logitech MK540 Advanced Wireless Keyboard and Mouse Combo for Windows, 2.4 GHz Unifying USB-Receiver, Multimedia Hotkeys, 3-Year Battery Life, for PC, Laptop","$146.99","Keyboard",4.3,"903","Logitech MK540 Advanced Wireless Keyboard and Mouse Combo for Windows, 2.4 GHz Unifying USB-Receiver, Multimedia Hotkeys, 3-Year Battery Life, for PC, Laptop"
"108","18. Arteck 2.4G Wireless Keyboard Stainless Steel Ultra Slim Full Size Keyboard with Numeric Keypad for Computer/Desktop/PC/Laptop/Surface/Smart TV and Windows 10/8/ 7 Built in Rechargeable Battery","$179.99","Keyboard",4.4,"28,596","Arteck 2.4G Wireless Keyboard Stainless Steel Ultra Slim Full Size Keyboard with Numeric Keypad for Computer/Desktop/PC/Laptop/Surface/Smart TV and Windows 10/8/ 7 Built in Rechargeable Battery"
"109","19. Corsair K70 RGB PRO Mechanical Wired Gaming Keyboard – Cherry MX Brown Tactile Switches – 8,000hz Hyper-Polling – PBT Double-Shot Keycaps – iCUE Compatible – PC, Mac, Xbox – QWERTY NA – Black","$174.99","Keyboard",4.4,"1,690","Corsair K70 RGB PRO Mechanical Wired Gaming Keyboard – Cherry MX Brown Tactile Switches – 8,000hz Hyper-Polling – PBT Double-Shot Keycaps – iCUE Compatible – PC, Mac, Xbox – QWERTY NA – Black"
"110","20. iClever BK10 Bluetooth Keyboard, Multi Device Keyboard Rechargeable Bluetooth 5.1 with Number Pad Ergonomic Design Full Size Stable Connection Keyboard for iPad, iPhone, Mac, iOS, Android, Windows","$249.99","Keyboard",4.3,"13,607","iClever BK10 Bluetooth Keyboard, Multi Device Keyboard Rechargeable Bluetooth 5.1 with Number Pad Ergonomic Design Full Size Stable Connection Keyboard for iPad, iPhone, Mac, iOS, Android, Windows"
"111","21. Logitech G413 TKL SE Mechanical Gaming Keyboard - Compact Backlit Keyboard with Tactile Mechanical Switches, Anti-Ghosting, Compatible with Windows, macOS - Black Aluminum","$139.99","Keyboard",4.6,"1,680","Logitech G413 TKL SE Mechanical Gaming Keyboard - Compact Backlit Keyboard with Tactile Mechanical Switches, Anti-Ghosting, Compatible with Windows, macOS - Black Aluminum"
"112","22. Rii RK907 Ultra-Slim Compact USB Wired Keyboard for Mac and PC,Windows 10/8 / 7 / Vista/XP (Black) (1PCS)","$39.99","Keyboard",4.5,"833","Rii RK907 Ultra-Slim Compact USB Wired Keyboard for Mac and PC,Windows 10/8 / 7 / Vista/XP (Black) (1PCS)"
"113","23. Rii RK100+ Multiple Color Rainbow LED Backlit Large Size USB Wired Mechanical Feeling Multimedia PC Gaming Keyboard,Office Keyboard for Working or Primer Gaming,Office Device","$49.99","Keyboard",4.4,"6,890","Rii RK100+ Multiple Color Rainbow LED Backlit Large Size USB Wired Mechanical Feeling Multimedia PC Gaming Keyboard,Office Keyboard for Working or Primer Gaming,Office Device"
"114","24. Logitech G815 LIGHTSYNC RGB Mechanical Gaming Keyboard with Low Profile GL Clicky key switch, 5 programmable G-keys, USB Passthrough, dedicated media control - Clicky,Black","$29.99","Keyboard",4.4,"13,959","Logitech G815 LIGHTSYNC RGB Mechanical Gaming Keyboard with Low Profile GL Clicky key switch, 5 programmable G-keys, USB Passthrough, dedicated media control - Clicky,Black"
"115","25. Logitech MK335 Wireless Keyboard and Mouse Combo - Black/Silver","$49.99","Keyboard",4.5,"8,624","Logitech MK335 Wireless Keyboard and Mouse Combo - Black/Silver"
"116","26. Corsair K70 RGB PRO Wired Mechanical Gaming Keyboard (CHERRY MX RGB Speed Switches: Linear and Rapid, 8,000Hz Hyper-Polling, PBT DOUBLE-SHOT PRO Keycaps, Soft-Touch Palm Rest) QWERTY, NA - Black","$99.99","Keyboard",4.6,"6,239","Corsair K70 RGB PRO Wired Mechanical Gaming Keyboard (CHERRY MX RGB Speed Switches: Linear and Rapid, 8,000Hz Hyper-Polling, PBT DOUBLE-SHOT PRO Keycaps, Soft-Touch Palm Rest) QWERTY, NA - Black"
"117","27. Corsair K100 RGB Optical-Mechanical Wired Gaming Keyboard - OPX Switches - PBT Double-Shot Keycaps - Elgato Stream Deck and iCUE Compatible - QWERTY NA Layout - Black","$169.99","Keyboard",4.5,"4,155","Corsair K100 RGB Optical-Mechanical Wired Gaming Keyboard - OPX Switches - PBT Double-Shot Keycaps - Elgato Stream Deck and iCUE Compatible - QWERTY NA Layout - Black"
"118","28. Logitech K400 Plus Wireless Touch With Easy Media Control and Built-in Touchpad, HTPC Keyboard for PC-connected TV, Windows, Android, Chrome OS, Laptop, Tablet - Black","$27.99","Keyboard",4.4,"37,310","Logitech K400 Plus Wireless Touch With Easy Media Control and Built-in Touchpad, HTPC Keyboard for PC-connected TV, Windows, Android, Chrome OS, Laptop, Tablet - Black"
"119","29. Lenovo Preferred Pro II Wired External USB Keyboard ( 4X30M86879) Factory Sealed Retail Product For USA, black","$39.99","Keyboard",4.6,"1,276","Lenovo Preferred Pro II Wired External USB Keyboard ( 4X30M86879) Factory Sealed Retail Product For USA, black"
"120","30. K600-B100 96% Mechanical Wired Gaming Keyboard, Full Size 100 Keys Hot Swappable Tactile Brown Switch with Number Pad, Dynamic RGB Backlit, Anti-Ghosting, Double-Shot Keycaps, Black","$39.99","Keyboard",4.4,"69","K600-B100 96% Mechanical Wired Gaming Keyboard, Full Size 100 Keys Hot Swappable Tactile Brown Switch with Number Pad, Dynamic RGB Backlit, Anti-Ghosting, Double-Shot Keycaps, Black"
"121","1. Razer BlackShark V2 X Gaming Headset: 7.1 Surround Sound - 50mm Drivers - Memory Foam Cushion - for PC, Mac, PS4, PS5, Switch - 3.5mm Audio Jack - White","$19.99","Headset",4.4,"19,605","Razer BlackShark V2 X Gaming Headset: 7.1 Surround Sound - 50mm Drivers - Memory Foam Cushion - for PC, Mac, PS4, PS5, Switch - 3.5mm Audio Jack - White"
"122","2. Logitech H390 Wired Headset for PC/Laptop, Stereo Headphones with Noise Cancelling Microphone, USB-A, in-Line Controls for Video Meetings, Music, Gaming and Beyond - Black","$24.99","Headset",4.3,"64,303","Logitech H390 Wired Headset for PC/Laptop, Stereo Headphones with Noise Cancelling Microphone, USB-A, in-Line Controls for Video Meetings, Music, Gaming and Beyond - Black"
"123","3. JBL Quantum 100 - Wired Over-Ear Gaming Headphones - Black, Large","$99.99","Headset",4.3,"16,446","JBL Quantum 100 - Wired Over-Ear Gaming Headphones - Black, Large"
"124","4. Gaming Headsets Wireless, 2.4GHz Gaming Headsets for PC, PS5, PS4, Gaming Headphones with Mic, White","$129.99","Headset",5,"32","Gaming Headsets Wireless, 2.4GHz Gaming Headsets for PC, PS5, PS4, Gaming Headphones with Mic, White"
"125","5. BENGOO Wireless Gaming Headset for PS5, PS4, PC, Switch, Mac, 2.4GHz USB Over Ear Gaming Headphones with Crystal RGB Lights, Bluetooth 5.3, Noise Isolating Microphone, 3.5mm Wired for Controller","$19.99","Headset",4.4,"6","BENGOO Wireless Gaming Headset for PS5, PS4, PC, Switch, Mac, 2.4GHz USB Over Ear Gaming Headphones with Crystal RGB Lights, Bluetooth 5.3, Noise Isolating Microphone, 3.5mm Wired for Controller"
"126","6. Gaming Headset for Nintendo Switch/Lite/OLED, Gaming Headphones with Mic for Nintendo Switch Fortnite/Sports (Red/Blue)","$34.99","Headset",4.9,"343","Gaming Headset for Nintendo Switch/Lite/OLED, Gaming Headphones with Mic for Nintendo Switch Fortnite/Sports (Red/Blue)"
"127","7. BINNUNE 2.4GHz Wireless Gaming Headset for PS5 PS4 PC,NS, Bluetooth 5.2 USB Gamer Headphones with Noise Canceling Microphone for Laptop Mobile Mac - ONLY 3.5mm Wired Mode for Xbox Series - Red","$59.99","Headset",4.8,"82","BINNUNE 2.4GHz Wireless Gaming Headset for PS5 PS4 PC,NS, Bluetooth 5.2 USB Gamer Headphones with Noise Canceling Microphone for Laptop Mobile Mac - ONLY 3.5mm Wired Mode for Xbox Series - Red"
"128","8. JBL Quantum 400 - USB over-ear gaming headset with game-chat balance dial, JBL QuantumSURROUND and DTS, Voice focus directional flip-up mic and memory foam ear cushions (Black)","$17.99","Headset",4.2,"2,989","JBL Quantum 400 - USB over-ear gaming headset with game-chat balance dial, JBL QuantumSURROUND and DTS, Voice focus directional flip-up mic and memory foam ear cushions (Black)"
"129","9. Logitech G432 Wired Gaming Headset, 7.1 Surround Sound, DTS Headphone:X 2.0, Flip-to-Mute Mic, PC (Leatherette) Black/Blue","$24.99","Headset",4.3,"11,440","Logitech G432 Wired Gaming Headset, 7.1 Surround Sound, DTS Headphone:X 2.0, Flip-to-Mute Mic, PC (Leatherette) Black/Blue"
"130","10. Turtle Beach Recon 50 Wired Gaming Headset - Xbox Series X|S, Xbox One, PS5, PS4, PlayStation, Nintendo Switch, Mobile & PC with 3.5mm - Removable Mic, 40mm Speakers, In-line Controls – Black","$19.95","Headset",4.3,"101,952","Turtle Beach Recon 50 Wired Gaming Headset - Xbox Series X|S, Xbox One, PS5, PS4, PlayStation, Nintendo Switch, Mobile & PC with 3.5mm - Removable Mic, 40mm Speakers, In-line Controls – Black"
"131","11. Sep 25, 2015","$39.95","Headset",4.4,"6,407","Sep 25, 2015"
"132","12. Logitech G Pro X SE Wired Gaming Headset: Blue VO!CE Detachable Boom Mic, DTS 7.1, 50 mm Drivers, USB/3.5mm Aux, USB DAC Included, for PC, Xbox, PS5, PS4 - Black - G Pro X SE Wired Gaming Headset","$33.99","Headset",4.3,"3,370","Logitech G Pro X SE Wired Gaming Headset: Blue VO!CE Detachable Boom Mic, DTS 7.1, 50 mm Drivers, USB/3.5mm Aux, USB DAC Included, for PC, Xbox, PS5, PS4 - Black - G Pro X SE Wired Gaming Headset"
"133","13. HyperX Cloud Stinger 2 – Gaming Headset, DTS Headphone:X Spatial Audio, Lightweight Over-Ear Headset with mic, Swivel-to-Mute Function, 50mm Drivers, PC Compatible, Black","$46.59","Headset",4.2,"9,251","HyperX Cloud Stinger 2 – Gaming Headset, DTS Headphone:X Spatial Audio, Lightweight Over-Ear Headset with mic, Swivel-to-Mute Function, 50mm Drivers, PC Compatible, Black"
"134","14. SteelSeries Arctis Nova 1P Multi-System Gaming Headset — Hi-Fi Drivers — 360° Spatial Audio — Comfort Design — Durable — Lightweight — Noise-Cancelling Mic — PS5/PS4, PC, Xbox, Switch - White","$39.99","Headset",4.3,"11,299","SteelSeries Arctis Nova 1P Multi-System Gaming Headset — Hi-Fi Drivers — 360° Spatial Audio — Comfort Design — Durable — Lightweight — Noise-Cancelling Mic — PS5/PS4, PC, Xbox, Switch - White"
"135","15. CORSAIR HS65 SURROUND Multiplatform Wired Gaming Headset – Dolby Atmos – SonarWorks SoundID – iCUE Compatible – PC, Mac, PS5, PS4, Xbox, Nintendo Switch, Mobile – Carbon","$59.99","Headset",4.5,"70,890","CORSAIR HS65 SURROUND Multiplatform Wired Gaming Headset – Dolby Atmos – SonarWorks SoundID – iCUE Compatible – PC, Mac, PS5, PS4, Xbox, Nintendo Switch, Mobile – Carbon"
"136","16. HyperX Cloud II Wireless Gaming Headset - Red","$19.99","Headset",4.4,"2,153","HyperX Cloud II Wireless Gaming Headset - Red"
"137","17. Jabra Evolve 20 UC Wired Headset, Stereo Professional Telephone Headphones for Greater Productivity, Superior Sound for Calls and Music, USB Connection, All Day Comfort Design","$39.99","Headset",4.3,"22,985","Jabra Evolve 20 UC Wired Headset, Stereo Professional Telephone Headphones for Greater Productivity, Superior Sound for Calls and Music, USB Connection, All Day Comfort Design"
"138","18. CORSAIR VOID RGB ELITE Wireless Gaming Headset – 7.1 Surround Sound – Omni-Directional Microphone – Microfiber Mesh Earpads – Up to 40ft Range – iCUE Compatible – PC, Mac, PS5, PS4 – Carbon","$26.99","Headset",4.3,"107,578","CORSAIR VOID RGB ELITE Wireless Gaming Headset – 7.1 Surround Sound – Omni-Directional Microphone – Microfiber Mesh Earpads – Up to 40ft Range – iCUE Compatible – PC, Mac, PS5, PS4 – Carbon"
"139","19. BENGOO G9000 Stereo Gaming Headset for PS4 PC Xbox One PS5 Controller, Noise Cancelling Over Ear Headphones with Mic, LED Light, Bass Surround, Soft Memory Earmuffs (Blue)","$39.99","Headset",4,"652","BENGOO G9000 Stereo Gaming Headset for PS4 PC Xbox One PS5 Controller, Noise Cancelling Over Ear Headphones with Mic, LED Light, Bass Surround, Soft Memory Earmuffs (Blue)"
"140","20. Turtle Beach Stealth 600 Gen 3 Wireless Multiplatform Amplified Gaming Headset for Xbox Series X|S, Xbox One, PC, PS5, PS4, Mobile – Bluetooth, 80-Hr Battery, AI Noise-Cancelling Mic – Black","$39.95","Headset",4.3,"2,240","Turtle Beach Stealth 600 Gen 3 Wireless Multiplatform Amplified Gaming Headset for Xbox Series X|S, Xbox One, PC, PS5, PS4, Mobile – Bluetooth, 80-Hr Battery, AI Noise-Cancelling Mic – Black"
"141","21. Logitech G PRO X Wireless Lightspeed Gaming Headset Gen 1: Blue VO!CE Mic Filter Tech, 50 mm PRO-G Drivers, and DTS Headphone:X 2.0 Surround Sound - Black","$19.99","Headset",4.4,"4,158","Logitech G PRO X Wireless Lightspeed Gaming Headset Gen 1: Blue VO!CE Mic Filter Tech, 50 mm PRO-G Drivers, and DTS Headphone:X 2.0 Surround Sound - Black"
"142","22. HyperX Cloud Alpha - Gaming Headset, Dual Chamber Drivers, Legendary Comfort, Aluminum Frame, Detachable Microphone, Works on PC, PS4, PS5, Xbox One/ Series X|S, Nintendo Switch and Mobile – Red","$24.99","Headset",4.4,"29,138","HyperX Cloud Alpha - Gaming Headset, Dual Chamber Drivers, Legendary Comfort, Aluminum Frame, Detachable Microphone, Works on PC, PS4, PS5, Xbox One/ Series X|S, Nintendo Switch and Mobile – Red"
"143","23. Jan 1, 2023","$99.99","Headset",4.2,"5,439","Jan 1, 2023"
"144","24. SteelSeries Arctis Nova 7P Wireless Multi-Platform Gaming Headset — Neodymium Magnetic Drivers — 2.4GHz + Bluetooth — 38Hr USB-C Battery — Gen2 AI Mic — PlayStation, PC, Switch, VR, Mobile - White","$129.99","Headset",4.3,"2,279","SteelSeries Arctis Nova 7P Wireless Multi-Platform Gaming Headset — Neodymium Magnetic Drivers — 2.4GHz + Bluetooth — 38Hr USB-C Battery — Gen2 AI Mic — PlayStation, PC, Switch, VR, Mobile - White"
"145","25. Plantronics - Blackwire 3210 - Wired, Single Ear (Monaural) Headset with Boom Mic - USB-A to connect to your PC and/or Mac","$19.99","Headset",4.4,"8,234","Plantronics - Blackwire 3210 - Wired, Single Ear (Monaural) Headset with Boom Mic - USB-A to connect to your PC and/or Mac"
"146","26. HyperX HHSS1C-KB-WT/G Cloud Stinger Core – Wireless Gaming Headset, for PS4, PS5, PC, Lightweight, Durable Steel Sliders, Noise-Cancelling Microphone - White","$129.00","Headset",4.4,"668","HyperX HHSS1C-KB-WT/G Cloud Stinger Core – Wireless Gaming Headset, for PS4, PS5, PC, Lightweight, Durable Steel Sliders, Noise-Cancelling Microphone - White"
"147","27. Wireless Gaming Headset, 7.1 Surround Sound, 2.4Ghz USB Gaming Headphones with Bluetooth 5.4, 100H Battery, ENC Noise Canceling Mic, 3.5mm Wired, RGB Light, Wireless Headset for PC PS5 PS4 Mac Switch","$229.99","Headset",4.1,"6,229","Wireless Gaming Headset, 7.1 Surround Sound, 2.4Ghz USB Gaming Headphones with Bluetooth 5.4, 100H Battery, ENC Noise Canceling Mic, 3.5mm Wired, RGB Light, Wireless Headset for PC PS5 PS4 Mac Switch"
"148","28. Astro A10 Gaming Headset Gen 2 Wired Over-Ear Headphones with flip-to-Mute Microphone, 32 mm Drivers, for Xbox Series X|S, Xbox One, Nintendo Switch, PC, Mac & Mobile Devices - Black","$59.99","Headset",4.5,"67,123","Astro A10 Gaming Headset Gen 2 Wired Over-Ear Headphones with flip-to-Mute Microphone, 32 mm Drivers, for Xbox Series X|S, Xbox One, Nintendo Switch, PC, Mac & Mobile Devices - Black"
"149","29. Mar 1, 2022","$99.99","Headset",4.1,"2,174","Mar 1, 2022"
"150","30. JBL Tune 510BT - Bluetooth headphones with up to 40 hours battery, microphone for call, foldable and comfortable, Android and iOs compatible (Black)","$107.99","Headset",4.3,"1,859","JBL Tune 510BT - Bluetooth headphones with up to 40 hours battery, microphone for call, foldable and comfortable, Android and iOs compatible (Black)"
